id,text,mood
l5_f1,The Ancient Galaxy whispers secrets of old. You are on the verge of a great discovery.,Mysterious
l5_f2,Stardust flows through your veins, Traveler. Your potential is limitless.,Empowering
l5_f3,The alignment of the outer planets suggests a shift in your reality. Be ready.,Prophetic
l5_f4,A dormant power awakens within you. The stars recognize one of their own.,Epic
f1,The cosmos smiles upon you. Today brings opportunities for growth.,Positive
f2,Traveler, your intuition is your guide today. Trust it.,Mysterious
f3,You project confidence today. Others will be drawn to your energy.,Empowering
f4,The stars align in your favor. A breakthrough awaits.,Positive
f5,Your journey continues. The universe rewards those who persist.,Encouraging
